40846-15287:JEAN-GABRIEL PAGEAU,40846-58928:TONY DEANGELO,40846-97147:BRADY TKACHUK,40846-12644:KYLE PALMIERI,40846-8595:EVGENI MALKIN,40846-66744:MACKENZIE BLACKWOOD,40846-39245:JACOB TROUBA,40846-21927:CHRIS KREIDER,40846-12410:TAYLOR HALL,55000,21382.9,9.30672e-310
40846-15287:JEAN-GABRIEL PAGEAU,40846-58928:TONY DEANGELO,40846-12644:KYLE PALMIERI,40846-21927:CHRIS KREIDER,40846-8595:EVGENI MALKIN,40846-42868:TRISTAN JARRY,40846-39245:JACOB TROUBA,40846-54477:BRYAN RUST,40846-70571:JAKE GUENTZEL,54800,20251.7,0
40846-15287:JEAN-GABRIEL PAGEAU,40846-58928:TONY DEANGELO,40846-12644:KYLE PALMIERI,40846-21927:CHRIS KREIDER,40846-8595:EVGENI MALKIN,40846-8532:HENRIK LUNDQVIST,40846-39245:JACOB TROUBA,40846-54477:BRYAN RUST,40846-70571:JAKE GUENTZEL,54900,20251.7,0
40846-66709:JARED MCCANN,40846-58928:TONY DEANGELO,40846-70571:JAKE GUENTZEL,40846-12644:KYLE PALMIERI,40846-15287:JEAN-GABRIEL PAGEAU,40846-14468:ANDERS NILSSON,40846-39245:JACOB TROUBA,40846-21927:CHRIS KREIDER,40846-62493:ARTEMI PANARIN,55000,18315.9,1.81598e-152
