40360-41393:ALEKSANDER BARKOV,40360-15321:MARK SCHEIFELE,40360-62493:ARTEMI PANARIN,40360-9259:MIKE HOFFMAN,40360-21927:CHRIS KREIDER,40360-61549:FRANK VATRANO,40360-39245:JACOB TROUBA,40360-58928:TONY DEANGELO,40360-66693:SAM MONTEMBEAULT,54900,14337.4,2.78845e-309
40360-41393:ALEKSANDER BARKOV,40360-15321:MARK SCHEIFELE,40360-62493:ARTEMI PANARIN,40360-9259:MIKE HOFFMAN,40360-21927:CHRIS KREIDER,40360-61549:FRANK VATRANO,40360-55607:AARON EKBLAD,40360-58928:TONY DEANGELO,40360-8893:ANTON KHUDOBIN,55000,14172.6,2.56259e-309
40360-41393:ALEKSANDER BARKOV,40360-15321:MARK SCHEIFELE,40360-15217:JONATHAN HUBERDEAU,40360-9259:MIKE HOFFMAN,40360-21927:CHRIS KREIDER,40360-61549:FRANK VATRANO,40360-39245:JACOB TROUBA,40360-58928:TONY DEANGELO,40360-58909:CONNOR HELLEBUYCK,54600,12698.8,3.72314e-309
40360-41393:ALEKSANDER BARKOV,40360-15321:MARK SCHEIFELE,40360-15217:JONATHAN HUBERDEAU,40360-9259:MIKE HOFFMAN,40360-21927:CHRIS KREIDER,40360-61549:FRANK VATRANO,40360-39245:JACOB TROUBA,40360-58928:TONY DEANGELO,40360-8532:HENRIK LUNDQVIST,54600,12698.8,3.2558e-309
